Date,Year,Month,GDP Growth (%),Inflation CPI (%),Unemployment Rate (%),Debt to GDP (%),Trade Balance (% of GDP),Exchange Rate (PKR/USD),Political Stability Index,Inflation_Lag1,Inflation_Lag3,Exchange_Lag1,GDP_Lag1,Debt_Lag1,Inflation_Roll3,Exchange_Roll3,GDP_Roll6,TradeBalance_Roll3,Exchange_PctChange,Inflation_PctChange,Debt_PctChange
1990-06-01,1990,6,5.01,10.45,4.22,87.93,-3.61,24.1,-0.87,10.14,10.07,20.55,4.93,88.36,10.4967,21.84,4.805,-3.87,17.2749,3.0572,-0.4866
1990-07-01,1990,7,5.1,11.83,4.44,87.52,-3.31,23.14,-0.87,10.45,10.9,24.1,5.01,87.93,10.8067,22.5967,4.8883,-3.7133,-3.9834,13.2057,-0.4663
1990-08-01,1990,8,5.18,11.65,4.67,87.1,-4.08,22.02,-0.88,11.83,10.14,23.14,5.1,87.52,11.31,23.0867,4.9717,-3.6667,-4.8401,-1.5216,-0.4799
1990-09-01,1990,9,5.27,11.22,4.9,86.67,-4.07,24.96,-0.88,11.65,10.45,22.02,5.18,87.1,11.5667,23.3733,5.0567,-3.82,13.3515,-3.691,-0.4937
1990-10-01,1990,10,5.35,12.12,5.12,86.26,-3.46,23.41,-0.89,11.22,11.83,24.96,5.27,86.67,11.6633,23.4633,5.14,-3.87,-6.2099,8.0214,-0.4731
1990-11-01,1990,11,5.43,11.82,5.35,85.84,-3.39,24.86,-0.89,12.12,11.65,23.41,5.35,86.26,11.72,24.41,5.2233,-3.64,6.1939,-2.4752,-0.4869
1990-12-01,1990,12,5.52,12.11,5.57,85.42,-3.99,23.7,-0.9,11.82,11.22,24.86,5.43,85.84,12.0167,23.99,5.3083,-3.6133,-4.6661,2.4535,-0.4893
1991-01-01,1991,1,5.6,12.85,5.8,85.0,-3.93,26.27,-0.9,12.11,12.12,23.7,5.52,85.42,12.26,24.9433,5.3917,-3.77,10.8439,6.1107,-0.4917
1991-02-01,1991,2,5.78,11.28,5.73,84.58,-3.81,26.02,-0.89,12.85,11.82,26.27,5.6,85.0,12.08,25.33,5.4917,-3.91,-0.9517,-12.2179,-0.4941
1991-03-01,1991,3,5.94,11.15,5.67,84.19,-4.06,23.71,-0.89,11.28,12.11,26.02,5.78,84.58,11.76,25.3333,5.6033,-3.9333,-8.8778,-1.1525,-0.4611
1991-04-01,1991,4,6.12,11.57,5.6,83.77,-3.85,25.29,-0.88,11.15,12.85,23.71,5.94,84.19,11.3333,25.0067,5.7317,-3.9067,6.6639,3.7668,-0.4989
1991-05-01,1991,5,6.29,11.04,5.54,83.36,-3.81,25.0,-0.87,11.57,11.28,25.29,6.12,83.77,11.2533,24.6667,5.875,-3.9067,-1.1467,-4.5808,-0.4894
1991-06-01,1991,6,6.47,11.56,5.47,82.93,-3.66,25.98,-0.87,11.04,11.15,25.0,6.29,83.36,11.39,25.4233,6.0333,-3.7733,3.92,4.7101,-0.5158
1991-07-01,1991,7,6.64,10.57,5.4,82.52,-3.36,23.29,-0.86,11.56,11.57,25.98,6.47,82.93,11.0567,24.7567,6.2067,-3.61,-10.3541,-8.564,-0.4944
1991-08-01,1991,8,6.82,9.99,5.34,82.1,-3.21,25.38,-0.85,10.57,11.04,23.29,6.64,82.52,10.7067,24.8833,6.38,-3.41,8.9738,-5.4872,-0.509
1991-09-01,1991,9,7.0,11.45,5.27,81.67,-2.74,25.94,-0.85,9.99,11.56,25.38,6.82,82.1,10.67,24.87,6.5567,-3.1033,2.2065,14.6146,-0.5238
1991-10-01,1991,10,7.17,10.17,5.2,81.26,-3.43,22.66,-0.84,11.45,10.57,25.94,7.0,81.67,10.5367,24.66,6.7317,-3.1267,-12.6446,-11.179,-0.502
1991-11-01,1991,11,7.35,10.08,5.13,80.84,-2.76,23.46,-0.83,10.17,9.99,22.66,7.17,81.26,10.5667,24.02,6.9083,-2.9767,3.5305,-0.885,-0.5169
1991-12-01,1991,12,7.52,8.92,5.07,80.42,-3.04,22.54,-0.83,10.08,11.45,23.46,7.35,80.84,9.7233,22.8867,7.0833,-3.0767,-3.9216,-11.5079,-0.5195
1992-01-01,1992,1,7.7,9.17,5.0,80.0,-2.91,24.78,-0.82,8.92,10.17,22.54,7.52,80.42,9.39,23.5933,7.26,-2.9033,9.9379,2.8027,-0.5223
1992-02-01,1992,2,7.23,9.59,4.97,79.83,-2.79,26.22,-0.82,9.17,10.08,24.78,7.7,80.0,9.2267,24.5133,7.3283,-2.9133,5.8111,4.5802,-0.2125
1992-03-01,1992,3,6.78,8.86,4.95,79.67,-3.42,27.39,-0.83,9.59,8.92,26.22,7.23,79.83,9.2067,26.13,7.2917,-3.04,4.4622,-7.6121,-0.2004
1992-04-01,1992,4,6.31,9.8,4.93,79.5,-3.06,25.93,-0.83,8.86,9.17,27.39,6.78,79.67,9.4167,26.5133,7.1483,-3.09,-5.3304,10.6095,-0.2134
1992-05-01,1992,5,5.85,9.24,4.9,79.34,-3.21,28.05,-0.84,9.8,9.59,25.93,6.31,79.5,9.3,27.1233,6.8983,-3.23,8.1759,-5.7143,-0.2013
1992-06-01,1992,6,5.37,9.45,4.88,79.17,-3.21,24.69,-0.84,9.24,8.86,28.05,5.85,79.34,9.4967,26.2233,6.54,-3.16,-11.9786,2.2727,-0.2143
1992-07-01,1992,7,4.92,9.29,4.85,79.01,-3.36,24.55,-0.84,9.45,9.8,24.69,5.37,79.17,9.3267,25.7633,6.0767,-3.26,-0.567,-1.6931,-0.2021
1992-08-01,1992,8,4.44,10.79,4.83,78.84,-2.8,26.78,-0.85,9.29,9.24,24.55,4.92,79.01,9.8433,25.34,5.6117,-3.1233,9.0835,16.1464,-0.2152
1992-09-01,1992,9,3.97,9.69,4.8,78.67,-3.82,27.56,-0.85,10.79,9.45,26.78,4.44,78.84,9.9233,26.2967,5.1433,-3.3267,2.9126,-10.1946,-0.2156
1992-10-01,1992,10,3.51,9.09,4.78,78.5,-3.88,27.31,-0.86,9.69,9.29,27.56,3.97,78.67,9.8567,27.2167,4.6767,-3.5,-0.9071,-6.192,-0.2161
1992-11-01,1992,11,3.03,10.24,4.75,78.33,-4.0,25.12,-0.86,9.09,10.79,27.31,3.51,78.5,9.6733,26.6633,4.2067,-3.9,-8.019,12.6513,-0.2166
1992-12-01,1992,12,2.57,9.04,4.73,78.17,-4.07,27.74,-0.87,10.24,9.69,25.12,3.03,78.33,9.4567,26.7233,3.74,-3.9833,10.4299,-11.7188,-0.2043
1993-01-01,1993,1,2.1,9.93,4.7,78.0,-4.19,26.53,-0.87,9.04,9.09,27.74,2.57,78.17,9.7367,26.4633,3.27,-4.0867,-4.3619,9.8451,-0.2175
1993-02-01,1993,2,2.3,8.9,4.71,77.83,-3.62,29.12,-0.86,9.93,10.24,26.53,2.1,78.0,9.29,27.7967,2.9133,-3.96,9.7625,-10.3726,-0.2179
1993-03-01,1993,3,2.47,9.52,4.72,77.68,-3.53,28.94,-0.86,8.9,9.04,29.12,2.3,77.83,9.45,28.1967,2.6633,-3.78,-0.6181,6.9663,-0.1927
1993-04-01,1993,4,2.67,10.71,4.72,77.51,-4.1,27.59,-0.85,9.52,9.93,28.94,2.47,77.68,9.71,28.55,2.5233,-3.75,-4.6648,12.5,-0.2188
1993-05-01,1993,5,2.86,11.3,4.73,77.34,-4.15,28.31,-0.85,10.71,8.9,27.59,2.67,77.51,10.51,28.28,2.495,-3.9267,2.6096,5.5089,-0.2193
1993-06-01,1993,6,3.05,11.23,4.74,77.17,-3.73,27.86,-0.84,11.3,9.52,28.31,2.86,77.34,11.08,27.92,2.575,-3.9933,-1.5895,-0.6195,-0.2198
1993-07-01,1993,7,3.24,11.32,4.75,77.01,-4.02,29.26,-0.84,11.23,10.71,27.86,3.05,77.17,11.2833,28.4767,2.765,-3.9667,5.0251,0.8014,-0.2073
1993-08-01,1993,8,3.44,11.48,4.76,76.84,-3.64,30.7,-0.83,11.32,11.3,29.26,3.24,77.01,11.3433,29.2733,2.955,-3.7967,4.9214,1.4134,-0.2208
1993-09-01,1993,9,3.63,11.04,4.77,76.67,-3.74,28.58,-0.82,11.48,11.23,30.7,3.44,76.84,11.28,29.5133,3.1483,-3.8,-6.9055,-3.8328,-0.2212
1993-10-01,1993,10,3.82,11.76,4.77,76.5,-4.23,30.57,-0.82,11.04,11.32,28.58,3.63,76.67,11.4267,29.95,3.34,-3.87,6.9629,6.5217,-0.2217
1993-11-01,1993,11,4.02,12.19,4.78,76.33,-3.29,29.55,-0.81,11.76,11.48,30.57,3.82,76.5,11.6633,29.5667,3.5333,-3.7533,-3.3366,3.6565,-0.2222
1993-12-01,1993,12,4.2,13.36,4.79,76.17,-3.19,29.44,-0.81,12.19,11.04,29.55,4.02,76.33,12.4367,29.8533,3.725,-3.57,-0.3723,9.598,-0.2096
1994-01-01,1994,1,4.4,13.21,4.8,76.0,-3.88,30.47,-0.8,13.36,11.76,29.44,4.2,76.17,12.92,29.82,3.9183,-3.4533,3.4986,-1.1228,-0.2232
1994-02-01,1994,2,4.46,11.94,4.85,75.83,-3.82,29.44,-0.8,13.21,12.19,30.47,4.4,76.0,12.8367,29.7833,4.0883,-3.63,-3.3804,-9.6139,-0.2237
1994-03-01,1994,3,4.51,13.19,4.9,75.68,-3.63,30.1,-0.8,11.94,13.36,29.44,4.46,75.83,12.78,30.0033,4.235,-3.7767,2.2418,10.469,-0.1978
1994-04-01,1994,4,4.57,12.77,4.95,75.51,-3.62,29.41,-0.8,13.19,13.21,30.1,4.51,75.68,12.6333,29.65,4.36,-3.69,-2.2924,-3.1842,-0.2246
1994-05-01,1994,5,4.63,12.59,5.0,75.34,-3.54,33.29,-0.79,12.77,11.94,29.41,4.57,75.51,12.85,30.9333,4.4617,-3.5967,13.1928,-1.4096,-0.2251
1994-06-01,1994,6,4.69,13.37,5.05,75.17,-3.14,31.06,-0.79,12.59,13.19,33.29,4.63,75.34,12.91,31.2533,4.5433,-3.4333,-6.6987,6.1954,-0.2256
1994-07-01,1994,7,4.75,13.62,5.1,75.01,-3.8,30.26,-0.79,13.37,12.77,31.06,4.69,75.17,13.1933,31.5367,4.6017,-3.4933,-2.5757,1.8699,-0.2129
1994-08-01,1994,8,4.81,13.56,5.15,74.84,-4.0,31.44,-0.79,13.62,12.59,30.26,4.75,75.01,13.5167,30.92,4.66,-3.6467,3.8995,-0.4405,-0.2266
1994-09-01,1994,9,4.87,12.5,5.2,74.67,-4.18,31.13,-0.79,13.56,13.37,31.44,4.81,74.84,13.2267,30.9433,4.72,-3.9933,-0.986,-7.8171,-0.2272
1994-10-01,1994,10,4.92,12.81,5.25,74.5,-3.99,31.08,-0.79,12.5,13.62,31.13,4.87,74.67,12.9567,31.2167,4.7783,-4.0567,-0.1606,2.48,-0.2277
1994-11-01,1994,11,4.98,13.2,5.3,74.33,-3.79,32.17,-0.78,12.81,13.56,31.08,4.92,74.5,12.8367,31.46,4.8367,-3.9867,3.5071,3.0445,-0.2282
1994-12-01,1994,12,5.04,13.59,5.35,74.17,-3.25,32.42,-0.78,13.2,12.5,32.17,4.98,74.33,13.2,31.89,4.895,-3.6767,0.7771,2.9545,-0.2153
1995-01-01,1995,1,5.1,12.71,5.4,74.0,-3.96,30.96,-0.78,13.59,12.81,32.42,5.04,74.17,13.1667,31.85,4.9533,-3.6667,-4.5034,-6.4753,-0.2292
1995-02-01,1995,2,5.23,12.7,5.4,73.83,-3.83,31.27,-0.79,12.71,13.2,30.96,5.1,74.0,13.0,31.55,5.0233,-3.68,1.0013,-0.0787,-0.2297
1995-03-01,1995,3,5.34,11.98,5.4,73.68,-4.0,31.97,-0.8,12.7,13.59,31.27,5.23,73.83,12.4633,31.4,5.1017,-3.93,2.2386,-5.6693,-0.2032
1995-04-01,1995,4,5.47,11.74,5.4,73.51,-3.74,29.9,-0.81,11.98,12.71,31.97,5.34,73.68,12.14,31.0467,5.1933,-3.8567,-6.4748,-2.0033,-0.2307
1995-05-01,1995,5,5.59,12.76,5.4,73.34,-3.44,31.2,-0.82,11.74,12.7,29.9,5.47,73.51,12.16,31.0233,5.295,-3.7267,4.3478,8.6882,-0.2313
1995-06-01,1995,6,5.72,12.9,5.4,73.17,-4.46,35.02,-0.83,12.76,11.98,31.2,5.59,73.34,12.4667,32.04,5.4083,-3.88,12.2436,1.0972,-0.2318
1995-07-01,1995,7,5.84,11.87,5.4,73.01,-4.54,35.71,-0.84,12.9,11.74,35.02,5.72,73.17,12.51,33.9767,5.5317,-4.1467,1.9703,-7.9845,-0.2187
1995-08-01,1995,8,5.97,12.32,5.4,72.84,-4.18,33.8,-0.86,11.87,12.76,35.71,5.84,73.01,12.3633,34.8433,5.655,-4.3933,-5.3486,3.7911,-0.2328
1995-09-01,1995,9,6.1,11.75,5.4,72.67,-4.39,35.15,-0.87,12.32,12.9,33.8,5.97,72.84,11.98,34.8867,5.7817,-4.37,3.9941,-4.6266,-0.2334
1995-10-01,1995,10,6.22,10.97,5.4,72.5,-4.14,35.19,-0.88,11.75,11.87,35.15,6.1,72.67,11.68,34.7133,5.9067,-4.2367,0.1138,-6.6383,-0.2339
1995-11-01,1995,11,6.35,11.38,5.4,72.33,-4.62,38.88,-0.89,10.97,12.32,35.19,6.22,72.5,11.3667,36.4067,6.0333,-4.3833,10.4859,3.7375,-0.2345
1995-12-01,1995,12,6.47,11.91,5.4,72.17,-5.01,36.88,-0.9,11.38,11.75,38.88,6.35,72.33,11.42,36.9833,6.1583,-4.59,-5.144,4.6573,-0.2212
1996-01-01,1996,1,6.6,10.78,5.4,72.0,-4.82,35.75,-0.91,11.91,10.97,36.88,6.47,72.17,11.3567,37.17,6.285,-4.8167,-3.064,-9.4878,-0.2356
1996-02-01,1996,2,6.13,11.82,5.46,72.08,-4.51,35.18,-0.92,10.78,11.38,35.75,6.6,72.0,11.5033,35.9367,6.3117,-4.78,-1.5944,9.6475,0.1111
1996-03-01,1996,3,5.68,9.39,5.51,72.16,-4.46,34.79,-0.93,11.82,11.91,35.18,6.13,72.08,10.6633,35.24,6.2417,-4.5967,-1.1086,-20.5584,0.111
1996-04-01,1996,4,5.21,11.54,5.57,72.25,-4.4,37.39,-0.94,9.39,10.78,34.79,5.68,72.16,10.9167,35.7867,6.0733,-4.4567,7.4734,22.8967,0.1247
1996-05-01,1996,5,4.75,11.18,5.63,72.33,-4.08,36.65,-0.95,11.54,11.82,37.39,5.21,72.25,10.7033,36.2767,5.8067,-4.3133,-1.9791,-3.1196,0.1107
1996-06-01,1996,6,4.27,11.04,5.69,72.42,-3.9,36.27,-0.96,11.18,9.39,36.65,4.75,72.33,11.2533,36.77,5.44,-4.1267,-1.0368,-1.2522,0.1244
1996-07-01,1996,7,3.82,11.35,5.75,72.5,-3.69,37.61,-0.96,11.04,11.54,36.27,4.27,72.42,11.19,36.8433,4.9767,-3.89,3.6945,2.808,0.1105
1996-08-01,1996,8,3.34,10.19,5.81,72.58,-3.76,37.51,-0.97,11.35,11.18,37.61,3.82,72.5,10.86,37.13,4.5117,-3.7833,-0.2659,-10.2203,0.1103
1996-09-01,1996,9,2.87,11.33,5.87,72.67,-3.85,41.26,-0.98,10.19,11.04,37.51,3.34,72.58,10.9567,38.7933,4.0433,-3.7667,9.9973,11.1874,0.124
1996-10-01,1996,10,2.41,11.76,5.92,72.75,-3.61,40.7,-0.99,11.33,11.35,41.26,2.87,72.67,11.0933,39.8233,3.5767,-3.74,-1.3572,3.7952,0.1101
1996-11-01,1996,11,1.93,12.52,5.98,72.83,-3.14,40.06,-1.0,11.76,10.19,40.7,2.41,72.75,11.87,40.6733,3.1067,-3.5333,-1.5725,6.4626,0.11
1996-12-01,1996,12,1.47,11.4,6.04,72.92,-3.6,42.25,-1.01,12.52,11.33,40.06,1.93,72.83,11.8933,41.0033,2.64,-3.45,5.4668,-8.9457,0.1236
1997-01-01,1997,1,1.0,11.31,6.1,73.0,-3.09,40.99,-1.02,11.4,11.76,42.25,1.47,72.92,11.7433,41.1,2.17,-3.2767,-2.9822,-0.7895,0.1097
1997-02-01,1997,2,1.21,11.16,6.1,73.17,-3.35,40.21,-1.03,11.31,12.52,40.99,1.0,73.0,11.29,41.15,1.815,-3.3467,-1.9029,-1.3263,0.2329
1997-03-01,1997,3,1.4,11.7,6.1,73.32,-3.26,43.37,-1.03,11.16,11.4,40.21,1.21,73.17,11.39,41.5233,1.57,-3.2333,7.8587,4.8387,0.205
1997-04-01,1997,4,1.62,11.01,6.1,73.49,-2.92,42.53,-1.04,11.7,11.31,43.37,1.4,73.32,11.29,42.0367,1.4383,-3.1767,-1.9368,-5.8974,0.2319
1997-05-01,1997,5,1.82,10.17,6.1,73.66,-3.27,40.97,-1.05,11.01,11.16,42.53,1.62,73.49,10.96,42.29,1.42,-3.15,-3.668,-7.6294,0.2313
1997-06-01,1997,6,2.03,10.45,6.1,73.83,-3.35,42.33,-1.05,10.17,11.7,40.97,1.82,73.66,10.5433,41.9433,1.5133,-3.18,3.3195,2.7532,0.2308
1997-07-01,1997,7,2.24,9.87,6.1,73.99,-3.81,41.83,-1.06,10.45,11.01,42.33,2.03,73.83,10.1633,41.71,1.72,-3.4767,-1.1812,-5.5502,0.2167
1997-08-01,1997,8,2.45,10.06,6.1,74.16,-3.21,41.56,-1.07,9.87,10.17,41.83,2.24,73.99,10.1267,41.9067,1.9267,-3.4567,-0.6455,1.925,0.2298
1997-09-01,1997,9,2.66,8.72,6.1,74.33,-3.27,44.67,-1.07,10.06,10.45,41.56,2.45,74.16,9.55,42.6867,2.1367,-3.43,7.4832,-13.3201,0.2292
1997-10-01,1997,10,2.87,8.61,6.1,74.5,-2.85,46.18,-1.08,8.72,9.87,44.67,2.66,74.33,9.13,44.1367,2.345,-3.11,3.3803,-1.2615,0.2287
1997-11-01,1997,11,3.08,8.23,6.1,74.67,-3.63,42.55,-1.09,8.61,10.06,46.18,2.87,74.5,8.52,44.4667,2.555,-3.25,-7.8605,-4.4135,0.2282
1997-12-01,1997,12,3.29,7.26,6.1,74.83,-3.5,45.24,-1.09,8.23,8.72,42.55,3.08,74.67,8.0333,44.6567,2.765,-3.3267,6.322,-11.7861,0.2143
1998-01-01,1998,1,3.5,7.98,6.1,75.0,-3.53,44.12,-1.1,7.26,8.61,45.24,3.29,74.83,7.8233,43.97,2.975,-3.5533,-2.4757,9.9174,0.2272
1998-02-01,1998,2,3.56,7.78,6.21,75.25,-3.06,44.67,-1.09,7.98,8.23,44.12,3.5,75.0,7.6733,44.6767,3.16,-3.3633,1.2466,-2.5063,0.3333
1998-03-01,1998,3,3.61,7.46,6.31,75.48,-3.5,44.87,-1.08,7.78,7.26,44.67,3.56,75.25,7.74,44.5533,3.3183,-3.3633,0.4477,-4.1131,0.3056
1998-04-01,1998,4,3.67,7.14,6.42,75.74,-3.32,44.9,-1.06,7.46,7.98,44.87,3.61,75.48,7.46,44.8133,3.4517,-3.2933,0.0669,-4.2895,0.3445
1998-05-01,1998,5,3.73,6.26,6.53,75.99,-3.15,46.34,-1.05,7.14,7.78,44.9,3.67,75.74,6.9533,45.37,3.56,-3.3233,3.2071,-12.3249,0.3301
1998-06-01,1998,6,3.79,6.68,6.64,76.24,-3.21,45.64,-1.04,6.26,7.46,46.34,3.73,75.99,6.6933,45.6267,3.6433,-3.2267,-1.5106,6.7093,0.329
1998-07-01,1998,7,3.85,6.55,6.74,76.49,-3.34,47.31,-1.03,6.68,7.14,45.64,3.79,76.24,6.4967,46.43,3.7017,-3.2333,3.6591,-1.9461,0.3279
1998-08-01,1998,8,3.91,6.1,6.86,76.74,-3.08,47.28,-1.01,6.55,6.26,47.31,3.85,76.49,6.4433,46.7433,3.76,-3.21,-0.0634,-6.8702,0.3268
1998-09-01,1998,9,3.97,6.31,6.97,77.0,-2.75,47.41,-1.0,6.1,6.68,47.28,3.91,76.74,6.32,47.3333,3.82,-3.0567,0.275,3.4426,0.3388
1998-10-01,1998,10,4.02,6.47,7.07,77.24,-3.31,46.95,-0.99,6.31,6.55,47.41,3.97,77.0,6.2933,47.2133,3.8783,-3.0467,-0.9703,2.5357,0.3117
1998-11-01,1998,11,4.08,7.18,7.18,77.5,-2.89,47.71,-0.98,6.47,6.1,46.95,4.02,77.24,6.6533,47.3567,3.9367,-2.9833,1.6187,10.9737,0.3366
1998-12-01,1998,12,4.14,5.98,7.29,77.75,-3.08,49.65,-0.96,7.18,6.31,47.71,4.08,77.5,6.5433,48.1033,3.995,-3.0933,4.0662,-16.7131,0.3226
1999-01-01,1999,1,4.2,5.85,7.4,78.0,-2.44,49.7,-0.95,5.98,6.47,49.65,4.14,77.75,6.3367,49.02,4.0533,-2.8033,0.1007,-2.1739,0.3215
1999-02-01,1999,2,4.23,5.48,7.43,78.34,-3.19,48.31,-0.95,5.85,7.18,49.7,4.2,78.0,5.77,49.22,4.1067,-2.9033,-2.7968,-6.3248,0.4359
1999-03-01,1999,3,4.25,4.21,7.46,78.65,-2.84,49.95,-0.95,5.48,5.98,48.31,4.23,78.34,5.18,49.32,4.1533,-2.8233,3.3947,-23.1752,0.3957
1999-04-01,1999,4,4.27,5.17,7.5,78.99,-2.49,51.11,-0.96,4.21,5.85,49.95,4.25,78.65,4.9533,49.79,4.195,-2.84,2.3223,22.8029,0.4323
1999-05-01,1999,5,4.3,5.05,7.53,79.32,-2.07,48.58,-0.96,5.17,5.48,51.11,4.27,78.99,4.81,49.88,4.2317,-2.4667,-4.9501,-2.3211,0.4178
1999-06-01,1999,6,4.32,6.31,7.57,79.65,-2.49,51.61,-0.96,5.05,4.21,48.58,4.3,79.32,5.51,50.4333,4.2617,-2.35,6.2371,24.9505,0.416
1999-07-01,1999,7,4.35,4.54,7.6,79.98,-2.57,50.54,-0.96,6.31,5.17,51.61,4.32,79.65,5.3,50.2433,4.2867,-2.3767,-2.0732,-28.0507,0.4143
1999-08-01,1999,8,4.37,4.66,7.63,80.32,-1.77,52.4,-0.97,4.54,5.05,50.54,4.35,79.98,5.17,51.5167,4.31,-2.2767,3.6803,2.6432,0.4251
1999-09-01,1999,9,4.4,4.28,7.67,80.66,-2.7,51.18,-0.97,4.66,6.31,52.4,4.37,80.32,4.4933,51.3733,4.335,-2.3467,-2.3282,-8.1545,0.4233
1999-10-01,1999,10,4.42,3.43,7.7,80.99,-2.86,50.3,-0.97,4.28,4.54,51.18,4.4,80.66,4.1233,51.2933,4.36,-2.4433,-1.7194,-19.8598,0.4091
1999-11-01,1999,11,4.45,4.64,7.73,81.33,-2.0,50.89,-0.97,3.43,4.66,50.3,4.42,80.99,4.1167,50.79,4.385,-2.52,1.173,35.277,0.4198
1999-12-01,1999,12,4.47,4.23,7.77,81.66,-2.22,53.28,-0.98,4.64,4.28,50.89,4.45,81.33,4.1,51.49,4.41,-2.36,4.6964,-8.8362,0.4058
2000-01-01,2000,1,4.5,4.07,7.8,82.0,-2.31,53.91,-0.98,4.23,3.43,53.28,4.47,81.66,4.3133,52.6933,4.435,-2.1767,1.1824,-3.7825,0.4164
2000-02-01,2000,2,4.29,3.02,7.8,81.83,-1.75,53.22,-0.97,4.07,4.64,53.91,4.5,82.0,3.7733,53.47,4.4217,-2.0933,-1.2799,-25.7985,-0.2073
2000-03-01,2000,3,4.09,4.38,7.8,81.67,-1.84,55.73,-0.96,3.02,4.23,53.22,4.29,81.83,3.8233,54.2867,4.37,-1.9667,4.7163,45.0331,-0.1955
2000-04-01,2000,4,3.88,2.66,7.8,81.5,-2.04,53.67,-0.96,4.38,4.07,55.73,4.09,81.67,3.3533,54.2067,4.28,-1.8767,-3.6964,-39.2694,-0.2082
2000-05-01,2000,5,3.67,3.82,7.8,81.34,-2.22,56.26,-0.95,2.66,3.02,53.67,3.88,81.5,3.62,55.22,4.15,-2.0333,4.8258,43.609,-0.1963
2000-06-01,2000,6,3.46,4.75,7.8,81.17,-1.53,55.59,-0.94,3.82,4.38,56.26,3.67,81.34,3.7433,55.1733,3.9817,-1.93,-1.1909,24.3455,-0.209
2000-07-01,2000,7,3.26,2.81,7.8,81.01,-1.56,56.95,-0.93,4.75,2.66,55.59,3.46,81.17,3.7933,56.2667,3.775,-1.77,2.4465,-40.8421,-0.1971
2000-08-01,2000,8,3.05,3.03,7.8,80.84,-1.74,58.49,-0.92,2.81,3.82,56.95,3.26,81.01,3.53,57.01,3.5683,-1.61,2.7041,7.8292,-0.2099
2000-09-01,2000,9,2.83,3.39,7.8,80.67,-1.11,58.1,-0.91,3.03,4.75,58.49,3.05,80.84,3.0767,57.8467,3.3583,-1.47,-0.6668,11.8812,-0.2103
2000-10-01,2000,10,2.63,3.0,7.8,80.5,-1.95,59.35,-0.91,3.39,2.81,58.1,2.83,80.67,3.14,58.6467,3.15,-1.6,2.1515,-11.5044,-0.2107
2000-11-01,2000,11,2.42,2.34,7.8,80.33,-2.04,61.72,-0.9,3.0,3.03,59.35,2.63,80.5,2.91,59.7233,2.9417,-1.7,3.9933,-22.0,-0.2112
2000-12-01,2000,12,2.21,3.28,7.8,80.17,-1.75,60.5,-0.89,2.34,3.39,61.72,2.42,80.33,2.8733,60.5233,2.7333,-1.9133,-1.9767,40.1709,-0.1992
2001-01-01,2001,1,2.0,2.56,7.8,80.0,-1.51,62.9,-0.88,3.28,3.0,60.5,2.21,80.17,2.7267,61.7067,2.5233,-1.7667,3.9669,-21.9512,-0.212
2001-02-01,2001,2,2.1,3.51,7.84,79.83,-1.49,60.36,-0.88,2.56,2.34,62.9,2.0,80.0,3.1167,61.2533,2.365,-1.5833,-4.0382,37.1094,-0.2125
2001-03-01,2001,3,2.19,2.7,7.88,79.68,-1.69,62.18,-0.89,3.51,3.28,60.36,2.1,79.83,2.9233,61.8133,2.2583,-1.5633,3.0152,-23.0769,-0.1879
2001-04-01,2001,4,2.3,4.2,7.92,79.51,-1.57,63.09,-0.89,2.7,2.56,62.18,2.19,79.68,3.47,61.8767,2.2033,-1.5833,1.4635,55.5556,-0.2134
2001-05-01,2001,5,2.39,2.83,7.96,79.34,-2.11,58.21,-0.89,4.2,3.51,63.09,2.3,79.51,3.2433,61.16,2.1983,-1.79,-7.735,-32.619,-0.2138
2001-06-01,2001,6,2.5,3.13,8.01,79.17,-1.36,60.03,-0.9,2.83,2.7,58.21,2.39,79.34,3.3867,60.4433,2.2467,-1.68,3.1266,10.6007,-0.2143
2001-07-01,2001,7,2.6,3.84,8.05,79.01,-1.87,61.5,-0.9,3.13,4.2,60.03,2.5,79.17,3.2667,59.9133,2.3467,-1.78,2.4488,22.6837,-0.2021
2001-08-01,2001,8,2.7,2.64,8.09,78.84,-1.57,60.38,-0.9,3.84,2.83,61.5,2.6,79.01,3.2033,60.6367,2.4467,-1.6,-1.8211,-31.25,-0.2152
2001-09-01,2001,9,2.8,3.54,8.13,78.67,-1.86,60.88,-0.91,2.64,3.13,60.38,2.7,78.84,3.34,60.92,2.5483,-1.7667,0.8281,34.0909,-0.2156
2001-10-01,2001,10,2.9,4.21,8.17,78.5,-1.89,59.53,-0.91,3.54,3.84,60.88,2.8,78.67,3.4633,60.2633,2.6483,-1.7733,-2.2175,18.9266,-0.2161
2001-11-01,2001,11,3.0,2.49,8.22,78.33,-1.91,60.17,-0.91,4.21,2.64,59.53,2.9,78.5,3.4133,60.1933,2.75,-1.8867,1.0751,-40.8551,-0.2166
2001-12-01,2001,12,3.1,3.59,8.26,78.17,-2.01,59.7,-0.92,2.49,3.54,60.17,3.0,78.33,3.43,59.8,2.85,-1.9367,-0.7811,44.1767,-0.2043
2002-01-01,2002,1,3.2,3.66,8.3,78.0,-2.01,61.1,-0.92,3.59,4.21,59.7,3.1,78.17,3.2467,60.3233,2.95,-1.9767,2.3451,1.9499,-0.2175
2002-02-01,2002,2,3.34,3.92,8.33,77.41,-1.77,59.84,-0.93,3.66,2.49,61.1,3.2,78.0,3.7233,60.2133,3.0567,-1.93,-2.0622,7.1038,-0.7564
2002-03-01,2002,3,3.46,2.66,8.36,76.87,-2.08,59.78,-0.93,3.92,3.59,59.84,3.34,77.41,3.4133,60.24,3.1667,-1.9533,-0.1003,-32.1429,-0.6976
2002-04-01,2002,4,3.59,2.56,8.4,76.27,-1.89,58.71,-0.93,2.66,3.66,59.78,3.46,76.87,3.0467,59.4433,3.2817,-1.9133,-1.7899,-3.7594,-0.7805
2002-05-01,2002,5,3.73,3.62,8.43,75.7,-2.1,58.46,-0.94,2.56,3.92,58.71,3.59,76.27,2.9467,58.9833,3.4033,-2.0233,-0.4258,41.4062,-0.7473
2002-06-01,2002,6,3.86,3.43,8.47,75.1,-1.6,58.35,-0.94,3.62,2.66,58.46,3.73,75.7,3.2033,58.5067,3.53,-1.8633,-0.1882,-5.2486,-0.7926
2002-07-01,2002,7,3.99,3.35,8.5,74.53,-2.2,59.18,-0.95,3.43,2.56,58.35,3.86,75.1,3.4667,58.6633,3.6617,-1.9667,1.4225,-2.3324,-0.759
2002-08-01,2002,8,4.13,3.36,8.53,73.93,-1.43,58.03,-0.95,3.35,3.62,59.18,3.99,74.53,3.38,58.52,3.7933,-1.7433,-1.9432,0.2985,-0.805
2002-09-01,2002,9,4.27,2.69,8.57,73.34,-1.95,58.72,-0.96,3.36,3.43,58.03,4.13,73.93,3.1333,58.6433,3.9283,-1.86,1.189,-19.9405,-0.7981
2002-10-01,2002,10,4.4,3.19,8.6,72.76,-2.33,60.69,-0.96,2.69,3.35,58.72,4.27,73.34,3.08,59.1467,4.0633,-1.9033,3.3549,18.5874,-0.7908
2002-11-01,2002,11,4.53,3.18,8.63,72.17,-1.83,59.08,-0.97,3.19,3.36,60.69,4.4,72.76,3.02,59.4967,4.1967,-2.0367,-2.6528,-0.3135,-0.8109
2002-12-01,2002,12,4.66,2.52,8.67,71.59,-2.04,57.48,-0.97,3.18,2.69,59.08,4.53,72.17,2.9633,59.0833,4.33,-2.0667,-2.7082,-20.7547,-0.8037
2003-01-01,2003,1,4.8,4.02,8.7,71.0,-1.55,59.14,-0.98,2.52,3.19,57.48,4.66,71.59,3.24,58.5667,4.465,-1.8067,2.888,59.5238,-0.8241
2003-02-01,2003,2,5.02,3.57,8.62,70.49,-2.03,57.2,-0.97,4.02,3.18,59.14,4.8,71.0,3.37,57.94,4.6133,-1.8733,-3.2804,-11.194,-0.7183
2003-03-01,2003,3,5.22,2.91,8.54,70.03,-2.0,55.24,-0.96,3.57,2.52,57.2,5.02,70.49,3.5,57.1933,4.7717,-1.86,-3.4266,-18.4874,-0.6526
2003-04-01,2003,4,5.44,4.4,8.45,69.52,-2.47,56.47,-0.95,2.91,4.02,55.24,5.22,70.03,3.6267,56.3033,4.945,-2.1667,2.2266,51.2027,-0.7283
2003-05-01,2003,5,5.65,3.79,8.37,69.03,-2.07,55.42,-0.94,4.4,3.57,56.47,5.44,69.52,3.7,55.71,5.1317,-2.18,-1.8594,-13.8636,-0.7048
2003-06-01,2003,6,5.88,5.23,8.29,68.52,-2.69,57.24,-0.93,3.79,2.91,55.42,5.65,69.03,4.4733,56.3767,5.335,-2.41,3.284,37.9947,-0.7388
2003-07-01,2003,7,6.09,5.83,8.2,68.02,-2.47,57.67,-0.92,5.23,4.4,57.24,5.88,68.52,4.95,56.7767,5.55,-2.41,0.7512,11.4723,-0.7297
2003-08-01,2003,8,6.31,5.02,8.12,67.52,-1.8,59.65,-0.91,5.83,3.79,57.67,6.09,68.02,5.36,58.1867,5.765,-2.32,3.4333,-13.8937,-0.7351
2003-09-01,2003,9,6.53,6.47,8.03,67.01,-1.83,58.03,-0.9,5.02,5.23,59.65,6.31,67.52,5.7733,58.45,5.9833,-2.0333,-2.7158,28.8845,-0.7553
2003-10-01,2003,10,6.74,6.51,7.95,66.51,-1.97,57.36,-0.89,6.47,5.83,58.03,6.53,67.01,6.0,58.3467,6.2,-1.8667,-1.1546,0.6182,-0.7462
2003-11-01,2003,11,6.97,7.14,7.87,66.0,-2.42,58.61,-0.88,6.51,5.02,57.36,6.74,66.51,6.7067,58.0,6.42,-2.0733,2.1792,9.6774,-0.7668
2003-12-01,2003,12,7.18,8.16,7.78,65.51,-2.18,54.96,-0.87,7.14,6.47,58.61,6.97,66.0,7.27,56.9767,6.6367,-2.19,-6.2276,14.2857,-0.7424
2004-01-01,2004,1,7.4,7.25,7.7,65.0,-2.2,57.88,-0.86,8.16,6.51,54.96,7.18,65.51,7.5167,57.15,6.855,-2.2667,5.313,-11.152,-0.7785
2004-02-01,2004,2,7.54,7.11,7.7,64.41,-2.81,58.69,-0.88,7.25,7.14,57.88,7.4,65.0,7.5067,57.1767,7.06,-2.3967,1.3994,-1.931,-0.9077
2004-03-01,2004,3,7.66,7.18,7.7,63.85,-2.26,56.14,-0.9,7.11,8.16,58.69,7.54,64.41,7.18,57.57,7.2483,-2.4233,-4.3449,0.9845,-0.8694
2004-04-01,2004,4,7.8,7.38,7.7,63.26,-2.71,59.44,-0.92,7.18,7.25,56.14,7.66,63.85,7.2233,58.09,7.425,-2.5933,5.8782,2.7855,-0.924
2004-05-01,2004,5,7.93,7.98,7.7,62.69,-3.29,58.63,-0.95,7.38,7.11,59.44,7.8,63.26,7.5133,58.07,7.585,-2.7533,-1.3627,8.1301,-0.901
2004-06-01,2004,6,8.06,8.39,7.7,62.09,-3.48,57.89,-0.97,7.98,7.18,58.63,7.93,62.69,7.9167,58.6533,7.7317,-3.16,-1.2622,5.1378,-0.9571
2004-07-01,2004,7,8.2,8.51,7.7,61.52,-3.68,59.3,-0.99,8.39,7.38,57.89,8.06,62.09,8.2933,58.6067,7.865,-3.4833,2.4357,1.4303,-0.918
2004-08-01,2004,8,8.33,9.0,7.7,60.93,-4.62,61.43,-1.01,8.51,7.98,59.3,8.2,61.52,8.6333,59.54,7.9967,-3.9267,3.5919,5.7579,-0.959
2004-09-01,2004,9,8.47,8.67,7.7,60.33,-4.34,59.08,-1.03,9.0,8.39,61.43,8.33,60.93,8.7267,59.9367,8.1317,-4.2133,-3.8255,-3.6667,-0.9847
2004-10-01,2004,10,8.6,9.69,7.7,59.76,-4.73,59.32,-1.05,8.67,8.51,59.08,8.47,60.33,9.12,59.9433,8.265,-4.5633,0.4062,11.7647,-0.9448
2004-11-01,2004,11,8.73,8.82,7.7,59.17,-5.08,58.63,-1.08,9.69,9.0,59.32,8.6,59.76,9.06,59.01,8.3983,-4.7167,-1.1632,-8.9783,-0.9873
2004-12-01,2004,12,8.86,10.77,7.7,58.59,-5.12,58.32,-1.1,8.82,8.67,58.63,8.73,59.17,9.76,58.7567,8.5317,-4.9767,-0.5287,22.1088,-0.9802
2005-01-01,2005,1,9.0,9.68,7.7,58.0,-4.76,60.5,-1.12,10.77,9.69,58.32,8.86,58.59,9.7567,59.15,8.665,-4.9867,3.738,-10.1207,-1.007
2005-02-01,2005,2,8.76,8.68,7.6,57.83,-5.38,58.52,-1.14,9.68,8.82,60.5,9.0,58.0,9.71,59.1133,8.7367,-5.0867,-3.2727,-10.3306,-0.2931
2005-03-01,2005,3,8.55,8.45,7.51,57.68,-5.99,59.68,-1.16,8.68,10.77,58.52,8.76,57.83,8.9367,59.5667,8.75,-5.3767,1.9822,-2.6498,-0.2594
2005-04-01,2005,4,8.31,9.27,7.4,57.51,-5.92,59.07,-1.18,8.45,9.68,59.68,8.55,57.68,8.8,59.09,8.7017,-5.7633,-1.0221,9.7041,-0.2947
2005-05-01,2005,5,8.08,8.74,7.31,57.34,-5.93,60.27,-1.2,9.27,8.68,59.07,8.31,57.51,8.82,59.6733,8.5933,-5.9467,2.0315,-5.7174,-0.2956
2005-06-01,2005,6,7.84,9.19,7.2,57.17,-6.35,60.15,-1.22,8.74,8.45,60.27,8.08,57.34,9.0667,59.83,8.4233,-6.0667,-0.1991,5.1487,-0.2965
2005-07-01,2005,7,7.61,8.94,7.1,57.01,-6.87,61.04,-1.23,9.19,9.27,60.15,7.84,57.17,8.9567,60.4867,8.1917,-6.3833,1.4796,-2.7203,-0.2799
2005-08-01,2005,8,7.37,8.5,7.0,56.84,-7.35,59.24,-1.25,8.94,8.74,61.04,7.61,57.01,8.8767,60.1433,7.96,-6.8567,-2.9489,-4.9217,-0.2982
2005-09-01,2005,9,7.14,7.93,6.9,56.67,-7.22,59.58,-1.27,8.5,9.19,59.24,7.37,56.84,8.4567,59.9533,7.725,-7.1467,0.5739,-6.7059,-0.2991
2005-10-01,2005,10,6.91,7.42,6.8,56.5,-7.58,58.77,-1.29,7.93,8.94,59.58,7.14,56.67,7.95,59.1967,7.4917,-7.3833,-1.3595,-6.4313,-0.3
2005-11-01,2005,11,6.67,7.95,6.7,56.33,-7.7,59.47,-1.31,7.42,8.5,58.77,6.91,56.5,7.7667,59.2733,7.2567,-7.5,1.1911,7.1429,-0.3009
2005-12-01,2005,12,6.44,8.62,6.6,56.17,-8.04,60.5,-1.33,7.95,7.93,59.47,6.67,56.33,7.9967,59.58,7.0233,-7.7733,1.732,8.4277,-0.284
2006-01-01,2006,1,6.2,8.13,6.5,56.0,-8.19,61.01,-1.35,8.62,7.42,60.5,6.44,56.17,8.2333,60.3267,6.7883,-7.9767,0.843,-5.6845,-0.3027
2006-02-01,2006,2,6.08,7.22,6.42,55.83,-8.56,59.04,-1.36,8.13,7.95,61.01,6.2,56.0,7.99,60.1833,6.5733,-8.2633,-3.229,-11.1931,-0.3036
2006-03-01,2006,3,5.97,8.04,6.34,55.68,-7.91,61.22,-1.37,7.22,8.62,59.04,6.08,55.83,7.7967,60.4233,6.3783,-8.22,3.6924,11.3573,-0.2687
2006-04-01,2006,4,5.85,8.13,6.25,55.51,-8.14,61.85,-1.38,8.04,8.13,61.22,5.97,55.68,7.7967,60.7033,6.2017,-8.2033,1.0291,1.1194,-0.3053
2006-05-01,2006,5,5.74,7.34,6.17,55.34,-7.48,60.76,-1.39,8.13,7.22,61.85,5.85,55.51,7.8367,61.2767,6.0467,-7.8433,-1.7623,-9.7171,-0.3063
2006-06-01,2006,6,5.62,7.93,6.09,55.17,-8.21,62.56,-1.4,7.34,8.04,60.76,5.74,55.34,7.8,61.7233,5.91,-7.9433,2.9625,8.0381,-0.3072
2006-07-01,2006,7,5.51,7.84,6.0,55.01,-7.38,59.42,-1.41,7.93,8.13,62.56,5.62,55.17,7.7033,60.9133,5.795,-7.69,-5.0192,-1.1349,-0.29
2006-08-01,2006,8,5.39,7.08,5.92,54.84,-7.74,58.9,-1.42,7.84,7.34,59.42,5.51,55.01,7.6167,60.2933,5.68,-7.7767,-0.8751,-9.6939,-0.309
2006-09-01,2006,9,5.27,7.95,5.83,54.67,-7.9,58.3,-1.43,7.08,7.93,58.9,5.39,54.84,7.6233,58.8733,5.5633,-7.6733,-1.0187,12.2881,-0.31
2006-10-01,2006,10,5.15,8.04,5.75,54.5,-7.75,62.27,-1.44,7.95,7.84,58.3,5.27,54.67,7.69,59.8233,5.4467,-7.7967,6.8096,1.1321,-0.311
2006-11-01,2006,11,5.03,8.32,5.67,54.33,-7.6,61.3,-1.45,8.04,7.08,62.27,5.15,54.5,8.1033,60.6233,5.3283,-7.75,-1.5577,3.4826,-0.3119
2006-12-01,2006,12,4.92,8.27,5.58,54.17,-7.27,60.49,-1.46,8.32,7.95,61.3,5.03,54.33,8.21,61.3533,5.2117,-7.54,-1.3214,-0.601,-0.2945
2007-01-01,2007,1,4.8,6.77,5.5,54.0,-7.14,60.94,-1.47,8.27,8.04,60.49,4.92,54.17,7.7867,60.91,5.0933,-7.3367,0.7439,-18.1378,-0.3138
2007-02-01,2007,2,4.54,8.12,5.47,54.25,-7.62,60.07,-1.48,6.77,8.32,60.94,4.8,54.0,7.72,60.5,4.9517,-7.3433,-1.4276,19.9409,0.463
2007-03-01,2007,3,4.3,9.96,5.45,54.48,-7.58,65.1,-1.49,8.12,8.27,60.07,4.54,54.25,8.2833,62.0367,4.79,-7.4467,8.3736,22.6601,0.424
2007-04-01,2007,4,4.04,11.04,5.43,54.74,-7.08,63.15,-1.5,9.96,6.77,65.1,4.3,54.48,9.7067,62.7733,4.605,-7.4267,-2.9954,10.8434,0.4772
2007-05-01,2007,5,3.78,12.08,5.4,54.99,-7.34,63.92,-1.51,11.04,8.12,63.15,4.04,54.74,11.0267,64.0567,4.3967,-7.3333,1.2193,9.4203,0.4567
2007-06-01,2007,6,3.52,15.17,5.38,55.24,-7.87,65.48,-1.52,12.08,9.96,63.92,3.78,54.99,12.7633,64.1833,4.1633,-7.43,2.4406,25.5795,0.4546
2007-07-01,2007,7,3.26,14.24,5.35,55.49,-8.13,65.99,-1.53,15.17,11.04,65.48,3.52,55.24,13.83,65.13,3.9067,-7.78,0.7789,-6.1305,0.4526
2007-08-01,2007,8,3.0,15.66,5.33,55.74,-8.25,66.5,-1.55,14.24,12.08,65.99,3.26,55.49,15.0233,65.99,3.65,-8.0833,0.7728,9.9719,0.4505
2007-09-01,2007,9,2.74,16.63,5.3,56.0,-8.25,66.11,-1.56,15.66,15.17,66.5,3.0,55.74,15.51,66.2,3.39,-8.21,-0.5865,6.1941,0.4665
2007-10-01,2007,10,2.48,17.49,5.28,56.24,-8.88,68.42,-1.57,16.63,14.24,66.11,2.74,56.0,16.5933,67.01,3.13,-8.46,3.4942,5.1714,0.4286
2007-11-01,2007,11,2.22,17.99,5.25,56.5,-8.79,70.94,-1.58,17.49,15.66,68.42,2.48,56.24,17.37,68.49,2.87,-8.64,3.6831,2.8588,0.4623
2007-12-01,2007,12,1.96,19.68,5.23,56.75,-9.36,71.09,-1.59,17.99,16.63,70.94,2.22,56.5,18.3867,70.15,2.61,-9.01,0.2114,9.3941,0.4425
2008-01-01,2008,1,1.7,19.84,5.2,57.0,-8.88,72.21,-1.6,19.68,17.49,71.09,1.96,56.75,19.17,71.4133,2.35,-9.01,1.5755,0.813,0.4405
2008-02-01,2008,2,1.78,19.6,5.23,57.25,-8.56,70.83,-1.61,19.84,17.99,72.21,1.7,57.0,19.7067,71.3767,2.1467,-8.9333,-1.9111,-1.2097,0.4386
2008-03-01,2008,3,1.85,18.93,5.25,57.49,-8.67,71.33,-1.62,19.6,19.68,70.83,1.78,57.25,19.4567,71.4567,1.9983,-8.7033,0.7059,-3.4184,0.4192
2008-04-01,2008,4,1.92,18.71,5.27,57.75,-7.81,73.51,-1.64,18.93,19.84,71.33,1.85,57.49,19.08,71.89,1.905,-8.3467,3.0562,-1.1622,0.4523
2008-05-01,2008,5,2.0,19.51,5.3,57.99,-8.41,74.83,-1.65,18.71,19.6,73.51,1.92,57.75,19.05,73.2233,1.8683,-8.2967,1.7957,4.2758,0.4156
2008-06-01,2008,6,2.07,16.44,5.32,58.25,-8.23,77.22,-1.66,19.51,18.93,74.83,2.0,57.99,18.22,75.1867,1.8867,-8.15,3.1939,-15.7355,0.4484
2008-07-01,2008,7,2.15,17.43,5.35,58.49,-7.49,74.98,-1.67,16.44,18.71,77.22,2.07,58.25,17.7933,75.6767,1.9617,-8.0433,-2.9008,6.0219,0.412
2008-08-01,2008,8,2.22,15.49,5.37,58.75,-7.0,79.99,-1.69,17.43,19.51,74.98,2.15,58.49,16.4533,77.3967,2.035,-7.5733,6.6818,-11.1302,0.4445
2008-09-01,2008,9,2.3,15.62,5.4,59.0,-6.56,79.11,-1.7,15.49,16.44,79.99,2.22,58.75,16.18,78.0267,2.11,-7.0167,-1.1001,0.8393,0.4255
2008-10-01,2008,10,2.37,16.01,5.42,59.25,-6.97,79.89,-1.71,15.62,17.43,79.11,2.3,59.0,15.7067,79.6633,2.185,-6.8433,0.986,2.4968,0.4237
2008-11-01,2008,11,2.45,14.84,5.45,59.5,-6.26,80.34,-1.72,16.01,15.49,79.89,2.37,59.25,15.49,79.78,2.26,-6.5967,0.5633,-7.3079,0.4219
2008-12-01,2008,12,2.52,13.61,5.47,59.75,-6.36,80.67,-1.74,14.84,15.62,80.34,2.45,59.5,14.82,80.3,2.335,-6.53,0.4108,-8.2884,0.4202
2009-01-01,2009,1,2.6,13.27,5.5,60.0,-6.15,84.79,-1.75,13.61,16.01,80.67,2.52,59.75,13.9067,81.9333,2.41,-6.2567,5.1072,-2.4982,0.4184
2009-02-01,2009,2,2.68,13.94,5.51,60.17,-5.7,84.01,-1.74,13.27,14.84,84.79,2.6,60.0,13.6067,83.1567,2.4867,-6.07,-0.9199,5.049,0.2833
2009-03-01,2009,3,2.76,12.94,5.52,60.32,-5.65,82.48,-1.73,13.94,13.61,84.01,2.68,60.17,13.3833,83.76,2.5633,-5.8333,-1.8212,-7.1736,0.2493
2009-04-01,2009,4,2.85,13.34,5.52,60.49,-6.18,82.59,-1.72,12.94,13.27,82.48,2.76,60.32,13.4067,83.0267,2.6433,-5.8433,0.1334,3.0912,0.2818
2009-05-01,2009,5,2.93,13.07,5.53,60.66,-5.13,83.86,-1.71,13.34,13.94,82.59,2.85,60.49,13.1167,82.9767,2.7233,-5.6533,1.5377,-2.024,0.281
2009-06-01,2009,6,3.01,12.48,5.54,60.83,-5.02,86.38,-1.7,13.07,12.94,83.86,2.93,60.66,12.9633,84.2767,2.805,-5.4433,3.005,-4.5142,0.2803
2009-07-01,2009,7,3.1,13.99,5.55,60.99,-5.49,84.18,-1.69,12.48,13.34,86.38,3.01,60.83,13.18,84.8067,2.8883,-5.2133,-2.5469,12.0994,0.263
2009-08-01,2009,8,3.18,12.92,5.56,61.16,-5.05,82.81,-1.67,13.99,13.07,84.18,3.1,60.99,13.13,84.4567,2.9717,-5.1867,-1.6275,-7.6483,0.2787
2009-09-01,2009,9,3.27,11.15,5.57,61.33,-4.89,84.44,-1.66,12.92,12.48,82.81,3.18,61.16,12.6867,83.81,3.0567,-5.1433,1.9684,-13.6997,0.278
2009-10-01,2009,10,3.35,12.32,5.57,61.5,-4.83,84.52,-1.65,11.15,13.99,84.44,3.27,61.33,12.13,83.9233,3.14,-4.9233,0.0947,10.4933,0.2772
2009-11-01,2009,11,3.43,11.64,5.58,61.67,-4.93,81.73,-1.64,12.32,12.92,84.52,3.35,61.5,11.7033,83.5633,3.2233,-4.8833,-3.301,-5.5195,0.2764
2009-12-01,2009,12,3.52,12.38,5.59,61.83,-4.84,85.02,-1.63,11.64,11.15,81.73,3.43,61.67,12.1133,83.7567,3.3083,-4.8667,4.0254,6.3574,0.2594
2010-01-01,2010,1,3.6,11.22,5.6,62.0,-4.51,84.92,-1.62,12.38,12.32,85.02,3.52,61.83,11.7467,83.89,3.3917,-4.76,-0.1176,-9.37,0.2749
2010-02-01,2010,2,3.52,11.8,5.63,61.83,-4.09,86.1,-1.61,11.22,11.64,84.92,3.6,62.0,11.8,85.3467,3.4483,-4.48,1.3895,5.1693,-0.2742
2010-03-01,2010,3,3.45,12.33,5.66,61.68,-4.22,87.55,-1.59,11.8,12.38,86.1,3.52,61.83,11.7833,86.19,3.4783,-4.2733,1.6841,4.4915,-0.2426
2010-04-01,2010,4,3.38,12.71,5.7,61.51,-4.44,86.75,-1.58,12.33,11.22,87.55,3.45,61.68,12.28,86.8,3.4833,-4.25,-0.9138,3.0819,-0.2756
2010-05-01,2010,5,3.3,11.64,5.73,61.34,-4.04,85.14,-1.56,12.71,11.8,86.75,3.38,61.51,12.2267,86.48,3.4617,-4.2333,-1.8559,-8.4186,-0.2764
2010-06-01,2010,6,3.23,12.33,5.77,61.17,-5.06,84.2,-1.55,11.64,12.33,85.14,3.3,61.34,12.2267,85.3633,3.4133,-4.5133,-1.1041,5.9278,-0.2771
2010-07-01,2010,7,3.15,12.41,5.8,61.01,-3.81,88.68,-1.54,12.33,12.71,84.2,3.23,61.17,12.1267,86.0067,3.3383,-4.3033,5.3207,0.6488,-0.2616
2010-08-01,2010,8,3.08,12.47,5.83,60.84,-4.62,85.74,-1.52,12.41,11.64,88.68,3.15,61.01,12.4033,86.2067,3.265,-4.4967,-3.3153,0.4835,-0.2786
2010-09-01,2010,9,3.0,14.09,5.87,60.67,-4.14,85.75,-1.51,12.47,12.33,85.74,3.08,60.84,12.99,86.7233,3.19,-4.19,0.0117,12.9912,-0.2794
2010-10-01,2010,10,2.93,13.44,5.9,60.5,-4.31,85.77,-1.49,14.09,12.41,85.75,3.0,60.67,13.3333,85.7533,3.115,-4.3567,0.0233,-4.6132,-0.2802
2010-11-01,2010,11,2.85,12.61,5.93,60.33,-4.31,86.1,-1.48,13.44,12.47,85.77,2.93,60.5,13.38,85.8733,3.04,-4.2533,0.3847,-6.1756,-0.281
2010-12-01,2010,12,2.78,14.08,5.97,60.17,-3.51,85.76,-1.46,12.61,14.09,86.1,2.85,60.33,13.3767,85.8767,2.965,-4.0433,-0.3949,11.6574,-0.2652
2011-01-01,2011,1,2.7,14.97,6.0,60.0,-3.94,85.31,-1.45,14.08,13.44,85.76,2.78,60.17,13.8867,85.7233,2.89,-3.92,-0.5247,6.321,-0.2825
2011-02-01,2011,2,2.77,13.98,6.0,60.04,-3.67,85.51,-1.44,14.97,12.61,85.31,2.7,60.0,14.3433,85.5267,2.8383,-3.7067,0.2344,-6.6132,0.0667
2011-03-01,2011,3,2.83,12.14,6.0,60.08,-3.77,86.28,-1.44,13.98,14.08,85.51,2.77,60.04,13.6967,85.7,2.81,-3.7933,0.9005,-13.1617,0.0666
2011-04-01,2011,4,2.9,12.42,6.0,60.12,-3.58,85.84,-1.43,12.14,14.97,86.28,2.83,60.08,12.8467,85.8767,2.805,-3.6733,-0.51,2.3064,0.0666
2011-05-01,2011,5,2.96,13.15,6.0,60.16,-3.68,85.8,-1.43,12.42,13.98,85.84,2.9,60.12,12.57,85.9733,2.8233,-3.6767,-0.0466,5.8776,0.0665
2011-06-01,2011,6,3.03,11.62,6.0,60.21,-4.06,86.96,-1.42,13.15,12.14,85.8,2.96,60.16,12.3967,86.2,2.865,-3.7733,1.352,-11.635,0.0831
2011-07-01,2011,7,3.1,11.98,6.0,60.25,-3.35,86.69,-1.42,11.62,12.42,86.96,3.03,60.21,12.25,86.4833,2.9317,-3.6967,-0.3105,3.0981,0.0664
2011-08-01,2011,8,3.16,11.84,6.0,60.29,-3.77,88.97,-1.41,11.98,13.15,86.69,3.1,60.25,11.8133,87.54,2.9967,-3.7267,2.6301,-1.1686,0.0664
2011-09-01,2011,9,3.23,10.48,6.0,60.33,-4.07,84.15,-1.4,11.84,11.62,88.97,3.16,60.29,11.4333,86.6033,3.0633,-3.73,-5.4176,-11.4865,0.0663
2011-10-01,2011,10,3.3,10.67,6.0,60.37,-3.7,88.81,-1.4,10.48,11.98,84.15,3.23,60.33,10.9967,87.31,3.13,-3.8467,5.5377,1.813,0.0663
2011-11-01,2011,11,3.37,8.42,6.0,60.42,-3.1,89.16,-1.39,10.67,11.84,88.81,3.3,60.37,9.8567,87.3733,3.1983,-3.6233,0.3941,-21.0872,0.0828
2011-12-01,2011,12,3.43,9.43,6.0,60.46,-3.27,85.34,-1.39,8.42,10.48,89.16,3.37,60.42,9.5067,87.77,3.265,-3.3567,-4.2844,11.9952,0.0662
2012-01-01,2012,1,3.5,9.55,6.0,60.5,-3.6,87.59,-1.38,9.43,10.67,85.34,3.43,60.46,9.1333,87.3633,3.3317,-3.3233,2.6365,1.2725,0.0662
2012-02-01,2012,2,3.69,8.78,5.99,60.78,-3.68,88.71,-1.37,9.55,8.42,87.59,3.5,60.5,9.2533,87.2133,3.42,-3.5167,1.2787,-8.0628,0.4628
2012-03-01,2012,3,3.88,10.35,5.98,61.04,-3.74,88.54,-1.37,8.78,9.43,88.71,3.69,60.78,9.56,88.28,3.5283,-3.6733,-0.1916,17.8815,0.4278
2012-04-01,2012,4,4.07,8.34,5.98,61.32,-3.1,90.45,-1.36,10.35,9.55,88.54,3.88,61.04,9.1567,89.2333,3.6567,-3.5067,2.1572,-19.4203,0.4587
2012-05-01,2012,5,4.26,8.77,5.97,61.59,-3.68,91.16,-1.35,8.34,8.78,90.45,4.07,61.32,9.1533,90.05,3.805,-3.5067,0.785,5.1559,0.4403
2012-06-01,2012,6,4.46,8.95,5.96,61.87,-3.74,95.75,-1.35,8.77,10.35,91.16,4.26,61.59,8.6867,92.4533,3.9767,-3.5067,5.0351,2.0525,0.4546
2012-07-01,2012,7,4.64,9.57,5.95,62.14,-3.64,95.89,-1.34,8.95,8.34,95.75,4.46,61.87,9.0967,94.2667,4.1667,-3.6867,0.1462,6.9274,0.4364
2012-08-01,2012,8,4.84,7.67,5.94,62.42,-3.95,97.44,-1.33,9.57,8.77,95.89,4.64,62.14,8.73,96.36,4.3583,-3.7767,1.6164,-19.8537,0.4506
2012-09-01,2012,9,5.03,9.06,5.93,62.7,-4.18,97.93,-1.33,7.67,8.95,97.44,4.84,62.42,8.7667,97.0867,4.55,-3.9233,0.5029,18.1226,0.4486
2012-10-01,2012,10,5.22,8.21,5.93,62.97,-4.23,96.83,-1.32,9.06,9.57,97.93,5.03,62.7,8.3133,97.4,4.7417,-4.12,-1.1233,-9.3819,0.4306
2012-11-01,2012,11,5.42,7.44,5.92,63.25,-4.27,98.7,-1.31,8.21,7.67,96.83,5.22,62.97,8.2367,97.82,4.935,-4.2267,1.9312,-9.3788,0.4447
2012-12-01,2012,12,5.61,8.15,5.91,63.52,-4.33,101.04,-1.31,7.44,9.06,98.7,5.42,63.25,7.9333,98.8567,5.1267,-4.2767,2.3708,9.543,0.4269
2013-01-01,2013,1,5.8,7.82,5.9,63.8,-4.18,100.13,-1.3,8.15,8.21,101.04,5.61,63.52,7.8033,99.9567,5.32,-4.26,-0.9006,-4.0491,0.4408
2013-02-01,2013,2,5.66,7.42,5.92,63.88,-4.49,102.56,-1.29,7.82,7.44,100.13,5.8,63.8,7.7967,101.2433,5.4567,-4.3333,2.4268,-5.1151,0.1254
2013-03-01,2013,3,5.53,7.89,5.93,63.96,-4.39,101.51,-1.29,7.42,8.15,102.56,5.66,63.88,7.71,101.4,5.54,-4.3533,-1.0238,6.3342,0.1252
2013-04-01,2013,4,5.38,7.69,5.95,64.05,-4.74,101.45,-1.28,7.89,7.82,101.51,5.53,63.96,7.6667,101.84,5.5667,-4.54,-0.0591,-2.5349,0.1407
2013-05-01,2013,5,5.24,8.06,5.97,64.13,-4.8,102.85,-1.27,7.69,7.42,101.45,5.38,64.05,7.88,101.9367,5.5367,-4.6433,1.38,4.8114,0.1249
2013-06-01,2013,6,5.1,8.47,5.98,64.21,-5.54,102.63,-1.27,8.06,7.89,102.85,5.24,64.13,8.0733,102.31,5.4517,-5.0267,-0.2139,5.0868,0.1247
2013-07-01,2013,7,4.96,9.1,6.0,64.3,-4.77,101.76,-1.26,8.47,7.69,102.63,5.1,64.21,8.5433,102.4133,5.3117,-5.0367,-0.8477,7.438,0.1402
2013-08-01,2013,8,4.81,7.48,6.02,64.38,-5.05,103.69,-1.25,9.1,8.06,101.76,4.96,64.3,8.35,102.6933,5.17,-5.12,1.8966,-17.8022,0.1244
2013-09-01,2013,9,4.67,9.58,6.03,64.47,-4.97,101.1,-1.25,7.48,8.47,103.69,4.81,64.38,8.72,102.1833,5.0267,-4.93,-2.4978,28.0749,0.1398
2013-10-01,2013,10,4.53,7.2,6.05,64.55,-6.24,103.24,-1.24,9.58,9.1,101.1,4.67,64.47,8.0867,102.6767,4.885,-5.42,2.1167,-24.8434,0.1241
2013-11-01,2013,11,4.38,8.36,6.07,64.63,-4.86,103.31,-1.23,7.2,7.48,103.24,4.53,64.55,8.38,102.55,4.7417,-5.3567,0.0678,16.1111,0.1239
2013-12-01,2013,12,4.24,8.88,6.08,64.72,-5.63,102.33,-1.23,8.36,9.58,103.31,4.38,64.63,8.1467,102.96,4.5983,-5.5767,-0.9486,6.2201,0.1393
2014-01-01,2014,1,4.1,8.77,6.1,64.8,-5.37,103.19,-1.22,8.88,7.2,102.33,4.24,64.72,8.67,102.9433,4.455,-5.2867,0.8404,-1.2387,0.1236
2014-02-01,2014,2,4.22,7.88,6.08,64.68,-5.89,101.42,-1.22,8.77,8.36,103.19,4.1,64.8,8.51,102.3133,4.3567,-5.63,-1.7153,-10.1482,-0.1852
2014-03-01,2014,3,4.33,7.81,6.07,64.57,-5.29,104.14,-1.21,7.88,8.88,101.42,4.22,64.68,8.1533,102.9167,4.3,-5.5167,2.6819,-0.8883,-0.1701
2014-04-01,2014,4,4.45,7.29,6.05,64.45,-5.67,102.92,-1.21,7.81,8.77,104.14,4.33,64.57,7.66,102.8267,4.2867,-5.6167,-1.1715,-6.6581,-0.1858
2014-05-01,2014,5,4.56,6.9,6.03,64.34,-5.43,102.63,-1.21,7.29,7.88,102.92,4.45,64.45,7.3333,103.23,4.3167,-5.4633,-0.2818,-5.3498,-0.1707
2014-06-01,2014,6,4.68,7.41,6.02,64.22,-4.55,104.64,-1.2,6.9,7.81,102.63,4.56,64.34,7.2,103.3967,4.39,-5.2167,1.9585,7.3913,-0.1865
2014-07-01,2014,7,4.79,6.78,6.0,64.11,-5.06,102.65,-1.2,7.41,7.29,104.64,4.68,64.22,7.03,103.3067,4.505,-5.0133,-1.9018,-8.502,-0.1713
2014-08-01,2014,8,4.91,5.8,5.98,63.99,-4.82,101.92,-1.2,6.78,6.9,102.65,4.79,64.11,6.6633,103.07,4.62,-4.81,-0.7112,-14.4543,-0.1872
2014-09-01,2014,9,5.03,6.41,5.97,63.87,-4.51,101.86,-1.19,5.8,7.41,101.92,4.91,63.99,6.33,102.1433,4.7367,-4.7967,-0.0589,10.5172,-0.1875
2014-10-01,2014,10,5.15,5.72,5.95,63.75,-4.5,104.57,-1.19,6.41,6.78,101.86,5.03,63.87,5.9767,102.7833,4.8533,-4.61,2.6605,-10.7644,-0.1879
2014-11-01,2014,11,5.27,5.67,5.93,63.63,-4.49,102.43,-1.19,5.72,5.8,104.57,5.15,63.75,5.9333,102.9533,4.9717,-4.5,-2.0465,-0.8741,-0.1882
2014-12-01,2014,12,5.38,5.23,5.92,63.52,-4.31,106.19,-1.18,5.67,6.41,102.43,5.27,63.63,5.54,104.3967,5.0883,-4.4333,3.6708,-7.7601,-0.1729
2015-01-01,2015,1,5.5,4.0,5.9,63.4,-3.58,101.7,-1.18,5.23,5.72,106.19,5.38,63.52,4.9667,103.44,5.2067,-4.1267,-4.2283,-23.5182,-0.1889
2015-02-01,2015,2,5.42,4.1,5.89,63.66,-4.25,106.71,-1.18,4.0,5.67,101.7,5.5,63.4,4.4433,104.8667,5.2917,-4.0467,4.9263,2.5,0.4101
2015-03-01,2015,3,5.34,4.84,5.88,63.9,-4.11,105.36,-1.18,4.1,5.23,106.71,5.42,63.66,4.3133,104.59,5.3433,-3.98,-1.2651,18.0488,0.377
2015-04-01,2015,4,5.25,4.69,5.88,64.16,-3.79,105.46,-1.17,4.84,4.0,105.36,5.34,63.9,4.5433,105.8433,5.36,-4.05,0.0949,-3.0992,0.4069
2015-05-01,2015,5,5.17,4.26,5.87,64.42,-3.71,105.39,-1.17,4.69,4.1,105.46,5.25,64.16,4.5967,105.4033,5.3433,-3.87,-0.0664,-9.1684,0.4052
2015-06-01,2015,6,5.09,4.28,5.86,64.68,-3.61,107.0,-1.17,4.26,4.84,105.39,5.17,64.42,4.41,105.95,5.295,-3.7033,1.5277,0.4695,0.4036
2015-07-01,2015,7,5.0,4.92,5.85,64.94,-3.71,106.93,-1.17,4.28,4.69,107.0,5.09,64.68,4.4867,106.44,5.2117,-3.6767,-0.0654,14.9533,0.402
2015-08-01,2015,8,4.92,3.74,5.84,65.2,-4.18,108.78,-1.16,4.92,4.26,106.93,5.0,64.94,4.3133,107.57,5.1283,-3.8333,1.7301,-23.9837,0.4004
2015-09-01,2015,9,4.83,4.36,5.83,65.46,-3.28,108.07,-1.16,3.74,4.28,108.78,4.92,65.2,4.34,107.9267,5.0433,-3.7233,-0.6527,16.5775,0.3988
2015-10-01,2015,10,4.75,3.86,5.83,65.72,-4.05,108.57,-1.16,4.36,4.92,108.07,4.83,65.46,3.9867,108.4733,4.96,-3.8367,0.4627,-11.4679,0.3972
2015-11-01,2015,11,4.67,3.79,5.82,65.98,-3.54,108.43,-1.16,3.86,3.74,108.57,4.75,65.72,4.0033,108.3567,4.8767,-3.6233,-0.1289,-1.8135,0.3956
2015-12-01,2015,12,4.58,4.52,5.81,66.24,-3.79,109.26,-1.15,3.79,4.36,108.43,4.67,65.98,4.0567,108.7533,4.7917,-3.7933,0.7655,19.2612,0.3941
2016-01-01,2016,1,4.5,4.3,5.8,66.5,-3.52,110.17,-1.15,4.52,3.86,109.26,4.58,66.24,4.2033,109.2867,4.7083,-3.6167,0.8329,-4.8673,0.3925
2016-02-01,2016,2,4.56,4.32,5.8,66.56,-3.45,107.76,-1.15,4.3,3.79,110.17,4.5,66.5,4.38,109.0633,4.6483,-3.5867,-2.1875,0.4651,0.0902
2016-03-01,2016,3,4.61,4.65,5.8,66.61,-3.5,108.21,-1.16,4.32,4.52,107.76,4.56,66.56,4.4233,108.7133,4.6117,-3.49,0.4176,7.6389,0.0751
2016-04-01,2016,4,4.67,3.91,5.8,66.67,-3.52,110.74,-1.16,4.65,4.3,108.21,4.61,66.61,4.2933,108.9033,4.5983,-3.49,2.338,-15.914,0.0901
2016-05-01,2016,5,4.73,4.34,5.8,66.73,-3.21,110.07,-1.17,3.91,4.32,110.74,4.67,66.67,4.3,109.6733,4.6083,-3.41,-0.605,10.9974,0.09
2016-06-01,2016,6,4.79,3.78,5.8,66.79,-3.61,109.66,-1.17,4.34,4.65,110.07,4.73,66.73,4.01,110.1567,4.6433,-3.4467,-0.3725,-12.9032,0.0899
2016-07-01,2016,7,4.85,4.19,5.8,66.85,-3.87,109.92,-1.17,3.78,3.91,109.66,4.79,66.79,4.1033,109.8833,4.7017,-3.5633,0.2371,10.8466,0.0898
2016-08-01,2016,8,4.91,3.95,5.8,66.91,-3.56,110.33,-1.18,4.19,4.34,109.92,4.85,66.85,3.9733,109.97,4.76,-3.68,0.373,-5.7279,0.0898
2016-09-01,2016,9,4.97,4.12,5.8,66.97,-3.54,109.29,-1.18,3.95,3.78,110.33,4.91,66.91,4.0867,109.8467,4.82,-3.6567,-0.9426,4.3038,0.0897
2016-10-01,2016,10,5.02,4.46,5.8,67.02,-4.32,109.02,-1.19,4.12,4.19,109.29,4.97,66.97,4.1767,109.5467,4.8783,-3.8067,-0.247,8.2524,0.0747
2016-11-01,2016,11,5.08,3.64,5.8,67.08,-3.82,110.2,-1.19,4.46,3.95,109.02,5.02,67.02,4.0733,109.5033,4.9367,-3.8933,1.0824,-18.3857,0.0895
2016-12-01,2016,12,5.14,5.42,5.8,67.14,-3.84,108.81,-1.2,3.64,4.12,110.2,5.08,67.08,4.5067,109.3433,4.995,-3.9933,-1.2613,48.9011,0.0894
2017-01-01,2017,1,5.2,3.6,5.8,67.2,-4.19,110.49,-1.2,5.42,4.46,108.81,5.14,67.14,4.22,109.8333,5.0533,-3.95,1.544,-33.5793,0.0894
2017-02-01,2017,2,5.04,3.64,5.8,67.65,-3.87,108.96,-1.21,3.6,3.64,110.49,5.2,67.2,4.22,109.42,5.075,-3.9667,-1.3847,1.1111,0.6696
2017-03-01,2017,3,4.89,5.22,5.8,68.06,-4.48,113.14,-1.21,3.64,5.42,108.96,5.04,67.65,4.1533,110.8633,5.0617,-4.18,3.8363,43.4066,0.6061
2017-04-01,2017,4,4.73,5.17,5.8,68.51,-4.58,113.48,-1.22,5.22,3.6,113.14,4.89,68.06,4.6767,111.86,5.0133,-4.31,0.3005,-0.9579,0.6612
2017-05-01,2017,5,4.58,5.23,5.8,68.94,-4.84,114.19,-1.23,5.17,3.64,113.48,4.73,68.51,5.2067,113.6033,4.93,-4.6333,0.6257,1.1605,0.6276
2017-06-01,2017,6,4.41,5.4,5.8,69.39,-4.96,116.06,-1.23,5.23,5.22,114.19,4.58,68.94,5.2667,114.5767,4.8083,-4.7933,1.6376,3.2505,0.6527
2017-07-01,2017,7,4.26,5.18,5.8,69.83,-5.47,117.85,-1.24,5.4,5.17,116.06,4.41,69.39,5.27,116.0333,4.6517,-5.09,1.5423,-4.0741,0.6341
2017-08-01,2017,8,4.1,4.82,5.8,70.28,-5.75,118.07,-1.25,5.18,5.23,117.85,4.26,69.83,5.1333,117.3267,4.495,-5.3933,0.1867,-6.9498,0.6444
2017-09-01,2017,9,3.94,5.58,5.8,70.73,-5.02,115.65,-1.25,4.82,5.4,118.07,4.1,70.28,5.1933,117.19,4.3367,-5.4133,-2.0496,15.7676,0.6403
2017-10-01,2017,10,3.78,5.29,5.8,71.16,-5.92,117.29,-1.26,5.58,5.18,115.65,3.94,70.73,5.23,117.0033,4.1783,-5.5633,1.4181,-5.1971,0.6079
2017-11-01,2017,11,3.62,6.45,5.8,71.61,-6.15,119.08,-1.27,5.29,4.82,117.29,3.78,71.16,5.7733,117.34,4.0183,-5.6967,1.5261,21.9282,0.6324
2017-12-01,2017,12,3.46,5.94,5.8,72.05,-6.67,120.83,-1.27,6.45,5.58,119.08,3.62,71.61,5.8933,119.0667,3.86,-6.2467,1.4696,-7.907,0.6144
2018-01-01,2018,1,3.3,5.7,5.8,72.5,-6.39,122.42,-1.28,5.94,5.29,120.83,3.46,72.05,6.03,120.7767,3.7,-6.4033,1.3159,-4.0404,0.6246
2018-02-01,2018,2,3.18,6.38,5.69,73.04,-6.49,123.97,-1.29,5.7,6.45,122.42,3.3,72.5,6.0067,122.4067,3.5467,-6.5167,1.2661,11.9298,0.7448
2018-03-01,2018,3,3.07,7.16,5.59,73.53,-5.5,127.81,-1.29,6.38,5.94,123.97,3.18,73.04,6.4133,124.7333,3.4017,-6.1267,3.0975,12.2257,0.6709
2018-04-01,2018,4,2.95,6.95,5.48,74.08,-5.58,129.72,-1.3,7.16,5.7,127.81,3.07,73.53,6.83,127.1667,3.2633,-5.8567,1.4944,-2.933,0.748
2018-05-01,2018,5,2.84,7.15,5.37,74.6,-5.98,132.84,-1.3,6.95,6.38,129.72,2.95,74.08,7.0867,130.1233,3.1333,-5.6867,2.4052,2.8777,0.7019
2018-06-01,2018,6,2.72,8.17,5.26,75.15,-4.99,134.92,-1.31,7.15,7.16,132.84,2.84,74.6,7.4233,132.4933,3.01,-5.5167,1.5658,14.2657,0.7373
2018-07-01,2018,7,2.61,8.53,5.16,75.67,-5.26,138.44,-1.31,8.17,6.95,134.92,2.72,75.15,7.95,135.4,2.895,-5.41,2.609,4.4064,0.6919
2018-08-01,2018,8,2.49,8.45,5.04,76.22,-5.54,140.97,-1.32,8.53,7.15,138.44,2.61,75.67,8.3833,138.11,2.78,-5.2633,1.8275,-0.9379,0.7268
2018-09-01,2018,9,2.37,8.85,4.93,76.76,-6.08,144.46,-1.33,8.45,8.17,140.97,2.49,76.22,8.61,141.29,2.6633,-5.6267,2.4757,4.7337,0.7085
2018-10-01,2018,10,2.25,9.63,4.83,77.29,-4.54,149.84,-1.33,8.85,8.53,144.46,2.37,76.76,8.9767,145.09,2.5467,-5.3867,3.7242,8.8136,0.6905
2018-11-01,2018,11,2.13,9.0,4.72,77.83,-5.53,150.48,-1.34,9.63,8.45,149.84,2.25,77.29,9.16,148.26,2.4283,-5.3833,0.4271,-6.5421,0.6987
2018-12-01,2018,12,2.02,9.38,4.61,78.36,-5.5,157.72,-1.34,9.0,8.85,150.48,2.13,77.83,9.3367,152.68,2.3117,-5.19,4.8113,4.2222,0.681
2019-01-01,2019,1,1.9,10.17,4.5,78.9,-4.59,158.19,-1.35,9.38,9.63,157.72,2.02,78.36,9.5167,155.4633,2.1933,-5.2067,0.298,8.4222,0.6891
2019-02-01,2019,2,1.7,10.33,4.49,79.6,-4.19,158.71,-1.34,10.17,9.0,158.19,1.9,78.9,9.96,158.2067,2.0617,-4.76,0.3287,1.5733,0.8872
2019-03-01,2019,3,1.51,10.51,4.48,80.24,-4.52,158.25,-1.33,10.33,9.38,158.71,1.7,79.6,10.3367,158.3833,1.9183,-4.4333,-0.2898,1.7425,0.804
2019-04-01,2019,4,1.31,11.07,4.48,80.95,-4.78,161.0,-1.33,10.51,10.17,158.25,1.51,80.24,10.6367,159.32,1.7617,-4.4967,1.7378,5.3283,0.8848
2019-05-01,2019,5,1.11,10.56,4.47,81.63,-4.79,160.33,-1.32,11.07,10.33,161.0,1.31,80.95,10.7133,159.86,1.5917,-4.6967,-0.4161,-4.607,0.84
2019-06-01,2019,6,0.91,9.8,4.46,82.33,-4.73,162.05,-1.31,10.56,10.51,160.33,1.11,81.63,10.4767,161.1267,1.4067,-4.7667,1.0728,-7.197,0.8575
2019-07-01,2019,7,0.71,9.75,4.45,83.02,-4.77,165.83,-1.3,9.8,11.07,162.05,0.91,82.33,10.0367,162.7367,1.2083,-4.7633,2.3326,-0.5102,0.8381
2019-08-01,2019,8,0.51,9.01,4.44,83.72,-4.93,163.53,-1.29,9.75,10.56,165.83,0.71,83.02,9.52,163.8033,1.01,-4.81,-1.387,-7.5897,0.8432
2019-09-01,2019,9,0.3,9.46,4.43,84.43,-5.0,165.9,-1.28,9.01,9.8,163.53,0.51,83.72,9.4067,165.0867,0.8083,-4.9,1.4493,4.9945,0.8481
2019-10-01,2019,10,0.1,9.16,4.43,85.11,-5.07,164.53,-1.28,9.46,9.75,165.9,0.3,84.43,9.21,164.6533,0.6067,-5.0,-0.8258,-3.1712,0.8054
2019-11-01,2019,11,-0.1,9.38,4.42,85.81,-5.29,166.22,-1.27,9.16,9.01,164.53,0.1,85.11,9.3333,165.55,0.405,-5.12,1.0272,2.4017,0.8225
2019-12-01,2019,12,-0.3,8.55,4.41,86.5,-5.17,169.24,-1.26,9.38,9.46,166.22,-0.1,85.81,9.03,166.6633,0.2033,-5.1767,1.8169,-8.8486,0.8041
2020-01-01,2020,1,-0.5,9.21,4.4,87.2,-5.61,167.25,-1.25,8.55,9.16,169.24,-0.3,86.5,9.0467,167.57,0.0017,-5.3567,-1.1758,7.7193,0.8092
2020-02-01,2020,2,0.03,9.82,4.56,86.48,-4.95,170.89,-1.25,9.21,9.38,167.25,-0.5,87.2,9.1933,169.1267,-0.0783,-5.2433,2.1764,6.6232,-0.8257
2020-03-01,2020,3,0.52,8.83,4.71,85.81,-5.05,170.24,-1.26,9.82,8.55,170.89,0.03,86.48,9.2867,169.46,-0.0417,-5.2033,-0.3804,-10.0815,-0.7747
2020-04-01,2020,4,1.04,9.14,4.87,85.09,-4.91,169.44,-1.26,8.83,9.21,170.24,0.52,85.81,9.2633,170.19,0.115,-4.97,-0.4699,3.5108,-0.8391
2020-05-01,2020,5,1.55,9.31,5.03,84.39,-4.35,171.57,-1.27,9.14,9.82,169.44,1.04,85.09,9.0933,170.4167,0.39,-4.77,1.2571,1.86,-0.8227
2020-06-01,2020,6,2.07,8.66,5.19,83.67,-3.81,172.7,-1.27,9.31,8.83,171.57,1.55,84.39,9.0367,171.2367,0.785,-4.3567,0.6586,-6.9817,-0.8532
2020-07-01,2020,7,2.58,9.03,5.34,82.97,-3.78,172.97,-1.27,8.66,9.14,172.7,2.07,83.67,9.0,172.4133,1.2983,-3.98,0.1563,4.2725,-0.8366
2020-08-01,2020,8,3.11,8.91,5.51,82.25,-4.35,171.06,-1.28,9.03,9.31,172.97,2.58,82.97,8.8667,172.2433,1.8117,-3.98,-1.1042,-1.3289,-0.8678
2020-09-01,2020,9,3.63,8.96,5.67,81.53,-4.0,172.79,-1.28,8.91,8.66,171.06,3.11,82.25,8.9667,172.2733,2.33,-4.0433,1.0113,0.5612,-0.8754
2020-10-01,2020,10,4.14,8.44,5.82,80.84,-3.25,174.07,-1.29,8.96,9.03,172.79,3.63,81.53,8.77,172.64,2.8467,-3.8667,0.7408,-5.8036,-0.8463
2020-11-01,2020,11,4.67,8.91,5.98,80.12,-3.64,174.99,-1.29,8.44,8.91,174.07,4.14,80.84,8.77,173.95,3.3667,-3.63,0.5285,5.5687,-0.8906
2020-12-01,2020,12,5.17,9.2,6.14,79.42,-3.25,176.52,-1.3,8.91,8.96,174.99,4.67,80.12,8.85,175.1933,3.8833,-3.38,0.8743,3.2548,-0.8737
2021-01-01,2021,1,5.7,9.77,6.3,78.7,-2.83,176.71,-1.3,9.2,8.44,176.52,5.17,79.42,9.2933,176.0733,4.4033,-3.24,0.1076,6.1957,-0.9066
2021-02-01,2021,2,5.73,9.76,6.29,78.6,-3.38,177.31,-1.31,9.77,8.91,176.71,5.7,78.7,9.5767,176.8467,4.84,-3.1533,0.3395,-0.1024,-0.1271
2021-03-01,2021,3,5.76,10.73,6.28,78.51,-3.13,181.55,-1.32,9.76,9.2,177.31,5.73,78.6,10.0867,178.5233,5.195,-3.1133,2.3913,9.9385,-0.1145
2021-04-01,2021,4,5.8,9.25,6.28,78.4,-3.65,184.24,-1.32,10.73,9.77,181.55,5.76,78.51,9.9133,181.0333,5.4717,-3.3867,1.4817,-13.7931,-0.1401
2021-05-01,2021,5,5.83,10.51,6.27,78.31,-3.51,186.51,-1.33,9.25,9.76,184.24,5.8,78.4,10.1633,184.1,5.665,-3.43,1.2321,13.6216,-0.1148
2021-06-01,2021,6,5.87,10.38,6.26,78.2,-3.32,189.55,-1.34,10.51,10.73,186.51,5.83,78.31,10.0467,186.7667,5.7817,-3.4933,1.6299,-1.2369,-0.1405
2021-07-01,2021,7,5.9,11.85,6.25,78.1,-3.97,191.58,-1.35,10.38,9.25,189.55,5.87,78.2,10.9133,189.2133,5.815,-3.6,1.071,14.1618,-0.1279
2021-08-01,2021,8,5.93,10.33,6.24,78.0,-3.45,193.55,-1.36,11.85,10.51,191.58,5.9,78.1,10.8533,191.56,5.8483,-3.58,1.0283,-12.827,-0.128
2021-09-01,2021,9,5.97,10.59,6.23,77.9,-3.67,195.32,-1.37,10.33,10.38,193.55,5.93,78.0,10.9233,193.4833,5.8833,-3.6967,0.9145,2.5169,-0.1282
2021-10-01,2021,10,6.0,11.01,6.23,77.8,-3.58,195.75,-1.37,10.59,11.85,195.32,5.97,77.9,10.6433,194.8733,5.9167,-3.5667,0.2202,3.966,-0.1284
2021-11-01,2021,11,6.03,10.37,6.22,77.7,-3.77,200.67,-1.38,11.01,10.33,195.75,6.0,77.8,10.6567,197.2467,5.95,-3.6733,2.5134,-5.8129,-0.1285
2021-12-01,2021,12,6.07,11.6,6.21,77.6,-3.51,202.74,-1.39,10.37,10.59,200.67,6.03,77.7,10.9933,199.72,5.9833,-3.62,1.0315,11.8611,-0.1287
2022-01-01,2022,1,6.1,11.74,6.2,77.5,-3.96,205.23,-1.4,11.6,11.01,202.74,6.07,77.6,11.2367,202.88,6.0167,-3.7467,1.2282,1.2069,-0.1289
2022-02-01,2022,2,5.56,13.73,6.4,78.48,-4.14,210.17,-1.4,11.74,10.37,205.23,6.1,77.5,12.3567,206.0467,5.955,-3.87,2.4071,16.9506,1.2645
2022-03-01,2022,3,5.08,15.15,6.57,79.36,-3.98,216.55,-1.41,13.73,11.6,210.17,5.56,78.48,13.54,210.65,5.8067,-4.0267,3.0356,10.3423,1.1213
2022-04-01,2022,4,4.55,17.52,6.77,80.34,-3.86,225.91,-1.41,15.15,11.74,216.55,5.08,79.36,15.4667,217.5433,5.565,-3.9933,4.3223,15.6436,1.2349
2022-05-01,2022,5,4.03,18.36,6.96,81.28,-4.02,231.19,-1.42,17.52,13.73,225.91,4.55,80.34,17.01,224.55,5.2317,-3.9533,2.3372,4.7945,1.17
2022-06-01,2022,6,3.49,18.89,7.15,82.26,-4.03,238.86,-1.42,18.36,15.15,231.19,4.03,81.28,18.2567,231.9867,4.8017,-3.97,3.3176,2.8867,1.2057
2022-07-01,2022,7,2.98,20.09,7.34,83.2,-4.26,244.65,-1.42,18.89,17.52,238.86,3.49,82.26,19.1133,238.2333,4.2817,-4.1033,2.424,6.3526,1.1427
2022-08-01,2022,8,2.44,22.37,7.54,84.18,-4.26,251.46,-1.43,20.09,18.36,244.65,2.98,83.2,20.45,244.99,3.7617,-4.1833,2.7836,11.3489,1.1779
2022-09-01,2022,9,1.91,22.73,7.73,85.16,-4.49,259.35,-1.43,22.37,18.89,251.46,2.44,84.18,21.73,251.82,3.2333,-4.3367,3.1377,1.6093,1.1642
2022-10-01,2022,10,1.39,26.01,7.92,86.1,-3.55,264.19,-1.44,22.73,20.09,259.35,1.91,85.16,23.7033,258.3333,2.7067,-4.1,1.8662,14.4303,1.1038
2022-11-01,2022,11,0.85,27.07,8.12,87.08,-4.46,271.73,-1.44,26.01,22.37,264.19,1.39,86.1,25.27,265.09,2.1767,-4.1667,2.854,4.0754,1.1382
2022-12-01,2022,12,0.34,27.47,8.3,88.02,-4.3,277.64,-1.45,27.07,22.73,271.73,0.85,87.08,26.85,271.1867,1.6517,-4.1033,2.175,1.4777,1.0795
2023-01-01,2023,1,-0.2,28.17,8.5,89.0,-4.32,284.48,-1.45,27.47,26.01,277.64,0.34,88.02,27.57,277.95,1.1217,-4.36,2.4636,2.5482,1.1134
2023-02-01,2023,2,-0.2,30.01,8.5,89.0,-3.83,284.63,-1.45,28.17,27.07,284.48,-0.2,89.0,28.55,282.25,0.6817,-4.15,0.0527,6.5318,0.0
2023-03-01,2023,3,-0.2,29.13,8.5,89.0,-4.19,285.27,-1.45,30.01,27.47,284.63,-0.2,89.0,29.1033,284.7933,0.33,-4.1133,0.2249,-2.9324,0.0
2023-04-01,2023,4,-0.2,29.94,8.5,89.0,-3.73,284.43,-1.45,29.13,28.17,285.27,-0.2,89.0,29.6933,284.7767,0.065,-3.9167,-0.2945,2.7806,0.0
2023-05-01,2023,5,-0.2,28.24,8.5,89.0,-4.3,286.51,-1.45,29.94,30.01,284.43,-0.2,89.0,29.1033,285.4033,-0.11,-4.0733,0.7313,-5.678,0.0
2023-06-01,2023,6,-0.2,28.84,8.5,89.0,-4.02,283.93,-1.45,28.24,29.13,286.51,-0.2,89.0,29.0067,284.9567,-0.2,-4.0167,-0.9005,2.1246,0.0
2023-07-01,2023,7,-0.2,29.2,8.5,89.0,-4.35,284.78,-1.45,28.84,29.94,283.93,-0.2,89.0,28.76,285.0733,-0.2,-4.2233,0.2994,1.2483,0.0
2023-08-01,2023,8,-0.2,29.23,8.5,89.0,-3.46,284.47,-1.45,29.2,28.24,284.78,-0.2,89.0,29.09,284.3933,-0.2,-3.9433,-0.1089,0.1027,0.0
2023-09-01,2023,9,-0.2,28.93,8.5,89.0,-4.46,286.74,-1.45,29.23,28.84,284.47,-0.2,89.0,29.12,285.33,-0.2,-4.09,0.798,-1.0263,0.0
2023-10-01,2023,10,-0.2,29.57,8.5,89.0,-4.01,285.24,-1.45,28.93,29.2,286.74,-0.2,89.0,29.2433,285.4833,-0.2,-3.9767,-0.5231,2.2122,0.0
2023-11-01,2023,11,-0.2,28.56,8.5,89.0,-3.91,286.24,-1.45,29.57,29.23,285.24,-0.2,89.0,29.02,286.0733,-0.2,-4.1267,0.3506,-3.4156,0.0
2023-12-01,2023,12,-0.2,29.11,8.5,89.0,-3.98,283.22,-1.45,28.56,28.93,286.24,-0.2,89.0,29.08,284.9,-0.2,-3.9667,-1.0551,1.9258,0.0
